product_name,price,dosage,quantity,sku,product_url
BPC-157,139,10 mg,10 vials,TBV-BPC-157-10MG,https://10bottlevalue.co/?p=bpc-157
BPC-157,79,5 mg,10 vials,TBV-BPC-157-5MG,https://10bottlevalue.co/?p=bpc-157
TB-500,219,10 mg,10 vials,TBV-TB-500-10MG,https://10bottlevalue.co/?p=tb-500
TB-500,149,5 mg,10 vials,TBV-TB-500-5MG,https://10bottlevalue.co/?p=tb-500
TB-500 + BPC-157,169,10 mg,10 vials,TBV-TB-500-BPC-157-10MG,https://10bottlevalue.co/?p=tb-500-bpc-157
TB-500 + BPC-157,299,20 mg,10 vials,TBV-TB-500-BPC-157-20MG,https://10bottlevalue.co/?p=tb-500-bpc-157
Ipamorelin,159,10 mg,10 vials,TBV-IPAMORELIN-10MG,https://10bottlevalue.co/?p=ipamorelin
Ipamorelin,89,5 mg,10 vials,TBV-IPAMORELIN-5MG,https://10bottlevalue.co/?p=ipamorelin
Tirzepatide / GLP-2,79,5 mg,10 vials,TBV-TIRZEPATIDE-GLP-2-5MG,https://10bottlevalue.co/?p=tirzepatide-glp-2
Tirzepatide / GLP-2,99,10 mg,10 vials,TBV-TIRZEPATIDE-GLP-2-10MG,https://10bottlevalue.co/?p=tirzepatide-glp-2
Tirzepatide / GLP-2,129,15 mg,10 vials,TBV-TIRZEPATIDE-GLP-2-15MG,https://10bottlevalue.co/?p=tirzepatide-glp-2
Tirzepatide / GLP-2,149,20 mg,10 vials,TBV-TIRZEPATIDE-GLP-2-20MG,https://10bottlevalue.co/?p=tirzepatide-glp-2
Tirzepatide / GLP-2,189,30 mg,10 vials,TBV-TIRZEPATIDE-GLP-2-30MG,https://10bottlevalue.co/?p=tirzepatide-glp-2
Tirzepatide / GLP-2,229,40 mg,10 vials,TBV-TIRZEPATIDE-GLP-2-40MG,https://10bottlevalue.co/?p=tirzepatide-glp-2
Tirzepatide / GLP-2,289,50 mg,10 vials,TBV-TIRZEPATIDE-GLP-2-50MG,https://10bottlevalue.co/?p=tirzepatide-glp-2
Tirzepatide / GLP-2,339,60 mg,10 vials,TBV-TIRZEPATIDE-GLP-2-60MG,https://10bottlevalue.co/?p=tirzepatide-glp-2
Sermorelin,239,10 mg,10 vials,TBV-SERMORELIN-10MG,https://10bottlevalue.co/?p=sermorelin
Sermorelin,139,5 mg,10 vials,TBV-SERMORELIN-5MG,https://10bottlevalue.co/?p=sermorelin
Tesamorelin,219,5 mg,10 vials,TBV-TESAMORELIN-5MG,https://10bottlevalue.co/?p=tesamorelin
Tesamorelin,339,10 mg,10 vials,TBV-TESAMORELIN-10MG,https://10bottlevalue.co/?p=tesamorelin
IGF-1 LR3,375,1 mg,10 vials,TBV-IGF-1-LR3-1MG,https://10bottlevalue.co/?p=igf-1-lr3
IGF-1 LR3,79,0.1 mg,10 vials,TBV-IGF-1-LR3-01MG,https://10bottlevalue.co/?p=igf-1-lr3
Retatrutide / GLP-3,109,5 mg,10 vials,TBV-RETATRUTIDE-GLP-3-5MG,https://10bottlevalue.co/?p=retatrutide-glp-3
Retatrutide / GLP-3,159,10 mg,10 vials,TBV-RETATRUTIDE-GLP-3-10MG,https://10bottlevalue.co/?p=retatrutide-glp-3
Retatrutide / GLP-3,209,15 mg,10 vials,TBV-RETATRUTIDE-GLP-3-15MG,https://10bottlevalue.co/?p=retatrutide-glp-3
Retatrutide / GLP-3,259,20 mg,10 vials,TBV-RETATRUTIDE-GLP-3-20MG,https://10bottlevalue.co/?p=retatrutide-glp-3
Retatrutide / GLP-3,339,30 mg,10 vials,TBV-RETATRUTIDE-GLP-3-30MG,https://10bottlevalue.co/?p=retatrutide-glp-3
Retatrutide / GLP-3,419,40 mg,10 vials,TBV-RETATRUTIDE-GLP-3-40MG,https://10bottlevalue.co/?p=retatrutide-glp-3
Retatrutide / GLP-3,509,50 mg,10 vials,TBV-RETATRUTIDE-GLP-3-50MG,https://10bottlevalue.co/?p=retatrutide-glp-3
Retatrutide / GLP-3,579,60 mg,10 vials,TBV-RETATRUTIDE-GLP-3-60MG,https://10bottlevalue.co/?p=retatrutide-glp-3
Eloralintide,329,5 mg,10 vials,TBV-ELORALINTIDE-5MG,https://10bottlevalue.co/?p=eloralintide
Eloralintide,469,10 mg,10 vials,TBV-ELORALINTIDE-10MG,https://10bottlevalue.co/?p=eloralintide
Mazdutide,389,10 mg,10 vials,TBV-MAZDUTIDE-10MG,https://10bottlevalue.co/?p=mazdutide
Semax,109,10 mg,10 vials,TBV-SEMAX-10MG,https://10bottlevalue.co/?p=semax
Semax,79,5 mg,10 vials,TBV-SEMAX-5MG,https://10bottlevalue.co/?p=semax
Selank,79,5 mg,10 vials,TBV-SELANK-5MG,https://10bottlevalue.co/?p=selank
Selank,109,10 mg,10 vials,TBV-SELANK-10MG,https://10bottlevalue.co/?p=selank
DSIP,169,15 mg,10 vials,TBV-DSIP-15MG,https://10bottlevalue.co/?p=dsip
DSIP,89,5 mg,10 vials,TBV-DSIP-5MG,https://10bottlevalue.co/?p=dsip
GHK-CU,109,100 mg,10 vials,TBV-GHK-CU-100MG,https://10bottlevalue.co/?p=ghk-cu
GHK-CU,89,50 mg,10 vials,TBV-GHK-CU-50MG,https://10bottlevalue.co/?p=ghk-cu
Glutathione,139,600 mg,10 vials,TBV-GLUTATHIONE-600MG,https://10bottlevalue.co/?p=glutathione
Glutathione,179,1500 mg,10 vials,TBV-GLUTATHIONE-1500MG,https://10bottlevalue.co/?p=glutathione
NAD+,259,1000 mg,10 vials,TBV-NAD-1000MG,https://10bottlevalue.co/?p=nad
NAD+,159,500 mg,10 vials,TBV-NAD-500MG,https://10bottlevalue.co/?p=nad
NAD+,79,100 mg,10 vials,TBV-NAD-100MG,https://10bottlevalue.co/?p=nad
SS-31,569,50 mg,10 vials,TBV-SS-31-50MG,https://10bottlevalue.co/?p=ss-31
SS-31,169,10 mg,10 vials,TBV-SS-31-10MG,https://10bottlevalue.co/?p=ss-31
KPV,119,10 mg,10 vials,TBV-KPV-10MG,https://10bottlevalue.co/?p=kpv
MOTS-C,369,40 mg,10 vials,TBV-MOTS-C-40MG,https://10bottlevalue.co/?p=mots-c
MOTS-C,129,10 mg,10 vials,TBV-MOTS-C-10MG,https://10bottlevalue.co/?p=mots-c
Thymosin Alpha-1,289,10 mg,10 vials,TBV-THYMOSIN-ALPHA-1-10MG,https://10bottlevalue.co/?p=thymosin-alpha-1
Thymosin Alpha-1,159,5 mg,10 vials,TBV-THYMOSIN-ALPHA-1-5MG,https://10bottlevalue.co/?p=thymosin-alpha-1
Melanotan-2,89,10 mg,10 vials,TBV-MELANOTAN-2-10MG,https://10bottlevalue.co/?p=melanotan-2
SNAP-8,79,10 mg,10 vials,TBV-SNAP-8-10MG,https://10bottlevalue.co/?p=snap-8
KLOW80,379,80 mg,10 vials,TBV-KLOW80-80MG,https://10bottlevalue.co/?p=klow80
BAC Water,29,10 ml,10 vials,TBV-BAC-WATER-10ML,https://10bottlevalue.co/?p=bac-water
BAC Water,19,3 ml,10 vials,TBV-BAC-WATER-3ML,https://10bottlevalue.co/?p=bac-water
Semaglutide,69,5 mg,10 vials,TBV-SEMAGLUTIDE-5MG,https://10bottlevalue.co/?p=semaglutide
Semaglutide,89,10 mg,10 vials,TBV-SEMAGLUTIDE-10MG,https://10bottlevalue.co/?p=semaglutide
Semaglutide,119,15 mg,10 vials,TBV-SEMAGLUTIDE-15MG,https://10bottlevalue.co/?p=semaglutide
Semaglutide,139,20 mg,10 vials,TBV-SEMAGLUTIDE-20MG,https://10bottlevalue.co/?p=semaglutide
Semaglutide,179,30 mg,10 vials,TBV-SEMAGLUTIDE-30MG,https://10bottlevalue.co/?p=semaglutide
PT-141,119,10 mg,10 vials,TBV-PT-141-10MG,https://10bottlevalue.co/?p=pt-141
Cagrilintide,209,5 mg,10 vials,TBV-CAGRILINTIDE-5MG,https://10bottlevalue.co/?p=cagrilintide
Cagrilintide,369,10 mg,10 vials,TBV-CAGRILINTIDE-10MG,https://10bottlevalue.co/?p=cagrilintide
Cagrilintide + Semaglutide,379,10 mg each,10 vials,TBV-CAGRILINTIDE-SEMAGLUTIDE-10MG,https://10bottlevalue.co/?p=cagrilintide-semaglutide
CJC-1295 (with DAC),319,5 mg,10 vials,TBV-CJC-1295-5MG,https://10bottlevalue.co/?p=cjc-1295
CJC-1295 (no DAC),169,5 mg,10 vials,TBV-CJC-1295-5MG,https://10bottlevalue.co/?p=cjc-1295
CJC-1295 (no DAC),299,10 mg,10 vials,TBV-CJC-1295-10MG,https://10bottlevalue.co/?p=cjc-1295
CJC-1295 + Ipamorelin (no DAC),189,10 mg each,10 vials,TBV-CJC-1295-IPAMORELIN-10MG,https://10bottlevalue.co/?p=cjc-1295-ipamorelin
Survodutide,539,10 mg,10 vials,TBV-SURVODUTIDE-10MG,https://10bottlevalue.co/?p=survodutide
AHK-CU,89,100 mg,10 vials,TBV-AHK-CU-100MG,https://10bottlevalue.co/?p=ahk-cu
AOD,209,5 mg,10 vials,TBV-AOD-5MG,https://10bottlevalue.co/?p=aod
IGF-DES,109,2 mg,10 vials,TBV-IGF-DES-2MG,https://10bottlevalue.co/?p=igf-des
GHRP-2,89,5 mg,10 vials,TBV-GHRP-2-5MG,https://10bottlevalue.co/?p=ghrp-2
GHRP-2,139,10 mg,10 vials,TBV-GHRP-2-10MG,https://10bottlevalue.co/?p=ghrp-2
GHRP-6,139,5 mg,10 vials,TBV-GHRP-6-5MG,https://10bottlevalue.co/?p=ghrp-6
GHRP-6,187,10 mg,10 vials,TBV-GHRP-6-10MG,https://10bottlevalue.co/?p=ghrp-6
HCG,169,5000 iu,10 vials,TBV-HCG-5000IU,https://10bottlevalue.co/?p=hcg
HCG,319,10000 iu,10 vials,TBV-HCG-10000IU,https://10bottlevalue.co/?p=hcg
HMG,119,75 iu,10 vials,TBV-HMG-75IU,https://10bottlevalue.co/?p=hmg
Oxytocin,49,2 mg,10 vials,TBV-OXYTOCIN-2MG,https://10bottlevalue.co/?p=oxytocin
Epitalon,95,10 mg,10 vials,TBV-EPITALON-10MG,https://10bottlevalue.co/?p=epitalon
Epitalon,299,50 mg,10 vials,TBV-EPITALON-50MG,https://10bottlevalue.co/?p=epitalon
Cartalax,199,20 mg,10 vials,TBV-CARTALAX-20MG,https://10bottlevalue.co/?p=cartalax
AICAR,123,50 mg,10 vials,TBV-AICAR-50MG,https://10bottlevalue.co/?p=aicar
ARA290 (Cibinetide),159,10 mg,10 vials,TBV-ARA290-CIBINETIDE-10MG,https://10bottlevalue.co/?p=ara290-cibinetide
Adipotide,139,2 mg,10 vials,TBV-ADIPOTIDE-2MG,https://10bottlevalue.co/?p=adipotide
Adipotide,299,5 mg,10 vials,TBV-ADIPOTIDE-5MG,https://10bottlevalue.co/?p=adipotide
KissPeptin-10,99,5 mg,10 vials,TBV-KISSPEPTIN-10-5MG,https://10bottlevalue.co/?p=kisspeptin-10
KissPeptin-10,169,10 mg,10 vials,TBV-KISSPEPTIN-10-10MG,https://10bottlevalue.co/?p=kisspeptin-10
LL37,189,5 mg,10 vials,TBV-LL37-5MG,https://10bottlevalue.co/?p=ll37
Melatonin,109,10 mg,10 vials,TBV-MELATONIN-10MG,https://10bottlevalue.co/?p=melatonin
5-Amino-1MQ,89,5 mg,10 vials,TBV-5-AMINO-1MQ-5MG,https://10bottlevalue.co/?p=5-amino-1mq
5-Amino-1MQ,219,50 mg,10 vials,TBV-5-AMINO-1MQ-50MG,https://10bottlevalue.co/?p=5-amino-1mq
Lipo-C (with B12),149,10 ml,10 vials,TBV-LIPO-C-WITH-B12-10ML,https://10bottlevalue.co/?p=lipo-c-with-b12
L-Carnitine (600mg/ml),159,10 ml,10 vials,TBV-L-CARNITINE-600MG-ML-10ML,https://10bottlevalue.co/?p=l-carnitine-600mg-ml
Pinealon,109,5 mg,10 vials,TBV-PINEALON-5MG,https://10bottlevalue.co/?p=pinealon
Pinealon,139,10 mg,10 vials,TBV-PINEALON-10MG,https://10bottlevalue.co/?p=pinealon
Pinealon,199,20 mg,10 vials,TBV-PINEALON-20MG,https://10bottlevalue.co/?p=pinealon
Lemon Bottle,199,10 ml,10 vials,TBV-LEMON-BOTTLE-10ML,https://10bottlevalue.co/?p=lemon-bottle
SLU-PP-332,199,5 mg,10 vials,TBV-SLU-PP-332-5MG,https://10bottlevalue.co/?p=slu-pp-332
Triptorelin,99,2 mg,10 vials,TBV-TRIPTORELIN-2MG,https://10bottlevalue.co/?p=triptorelin
PEG-MGF,159,2 mg,10 vials,TBV-PEG-MGF-2MG,https://10bottlevalue.co/?p=peg-mgf
MGF,99,2 mg,10 vials,TBV-MGF-2MG,https://10bottlevalue.co/?p=mgf
GDF-8,339,1 mg,10 vials,TBV-GDF-8-1MG,https://10bottlevalue.co/?p=gdf-8
FOXO4-DRI,559,10 mg,10 vials,TBV-FOXO4-DRI-10MG,https://10bottlevalue.co/?p=foxo4-dri
VIP,165,5 mg,10 vials,TBV-VIP-5MG,https://10bottlevalue.co/?p=vip
VIP,329,10 mg,10 vials,TBV-VIP-10MG,https://10bottlevalue.co/?p=vip
ACE-031,379,1 mg,10 vials,TBV-ACE-031-1MG,https://10bottlevalue.co/?p=ace-031
Gonadorelin,65,2 mg,10 vials,TBV-GONADORELIN-2MG,https://10bottlevalue.co/?p=gonadorelin
Hexarelin Acetate,119,2 mg,10 vials,TBV-HEXARELIN-ACETATE-2MG,https://10bottlevalue.co/?p=hexarelin-acetate
Hexarelin Acetate,219,5 mg,10 vials,TBV-HEXARELIN-ACETATE-5MG,https://10bottlevalue.co/?p=hexarelin-acetate
PNC-27,239,5 mg,10 vials,TBV-PNC-27-5MG,https://10bottlevalue.co/?p=pnc-27
PNC-27,399,10 mg,10 vials,TBV-PNC-27-10MG,https://10bottlevalue.co/?p=pnc-27
